OBJECTID,REDUCER_ID,X,Y
206077,400,-122.906522689633,49.2024716391552
206078,900,-122.953754887921,49.1866544376184
