CATEGORY,BLDG_ID,MAPREF,STRNUM,STRNAM,BLDGNAM,X,Y
Hospital,719,2704000,330,E COLUMBIA ST,Emergency Building,-122.8922889695,49.2261797364322
Hospital,718,2704000,330,E COLUMBIA ST,Health Care Centre,-122.891030362448,49.2260657673015
Hospital,720,2704000,330,E COLUMBIA ST,Nursing Tower Unit C,-122.89199754358,49.2266732881084
Hospital,722,2704000,330,E COLUMBIA ST,Power Plant,-122.891050746684,49.2267078859854
Hospital,723,2704000,256,SHERBROOKE ST,Laundry and Maintenance Building,-122.890304873176,49.2273390707248
Hospital,724,2704000,260,SHERBROOKE ST,Sherbrook Centre,-122.891273797295,49.2275424665892
Hospital,721,2704000,330,E COLUMBIA ST,1965 Building,-122.89167778724,49.2275594673599
Hospital,588,1612001,315,MCBRIDE BLVD,Queen's Park Extended Care Hospital,-122.902090093892,49.2169324238008
